id,name,country_id
1,Durrës,4
2,Elbasan,4
3,Tirana,4
4,Graz,12
5,Innsbruck,12
6,Linz,12
7,Salzburg,12
8,Vienna,12
9,Brest,23
10,Gomel,23
11,Hrodna,23
12,Mazyr,23
13,Minsk,23
14,Orsha,23
15,Pinsk,23
16,Salihorsk,23
17,Antwerp,15
18,Brugge,15
19,Brussels,15
20,Charleroi,15
21,Gent,15
22,Liège,15
23,Namur,15
24,Banja Luka,22
25,Mostar,22
26,Sarajevo,22
27,Tuzla,22
28,Zenica,22
29,Burgas,19
30,Pleven,19
31,Plovdiv,19
32,Ruse,19
33,Sofia,19
34,Stara Zagora,19
35,Varna,19
36,Barrie,31
37,Guelph,31
38,Halifax,31
39,Hamilton,31
40,Kingston,31
41,Kitchener,31
42,London,31
43,Montreal,31
44,Oshawa,31
45,Ottawa,31
46,Quebec,31
47,Sherbrooke,31
48,Sudbury,31
49,Toronto,31
50,Trois Rivières,31
51,Waterloo,31
52,Rijeka,80
53,Split,80
54,Zagreb,80
55,Brno,46
56,Olomouc,46
57,Ostrava,46
58,Plzen,46
59,Prague,46
60,Aalborg,50
61,Copenhagen,50
62,Odense,50
63,Århus,50
64,Tallinn,57
65,Tartu,57
66,Espoo,59
67,Helsinki,59
68,Oulu,59
69,Tampere,59
70,Turku,59
71,Aix En Provence,61
72,Amiens,61
73,Angers,61
74,Besançon,61
75,Bordeaux,61
76,Boulogne Billancourt,61
77,Brest,61
78,Caen,61
79,Clermont Ferrand,61
80,Dijon,61
81,Grenoble,61
82,Le Havre,61
83,Le Mans,61
84,Lille,61
85,Limoges,61
86,Lyon,61
87,Marseille,61
88,Metz,61
89,Montpellier,61
90,Mulhouse,61
91,Nancy,61
92,Nantes,61
93,Nice,61
94,Nîmes,61
95,Orléans,61
96,Paris,61
97,Perpignan,61
98,Reims,61
99,Rennes,61
100,Rouen,61
101,Saint Étienne,61
102,Strasbourg,61
103,Toulon,61
104,Toulouse,61
105,Tours,61
106,Villeurbanne,61
107,Aachen,47
108,Augsburg,47
109,Bergisch Gladbach,47
110,Berlin,47
111,Bielefeld,47
112,Bochum,47
113,Bonn,47
114,Bottrop,47
115,Bremen,47
116,Bremerhaven,47
117,Brunswick,47
118,Chemnitz,47
119,Cologne,47
120,Cottbus,47
121,Darmstadt,47
122,Dortmund,47
123,Dresden,47
124,Duisburg,47
125,Düsseldorf,47
126,Erfurt,47
127,Erlangen,47
128,Essen,47
129,Frankfurt,47
130,Freiburg,47
131,Fürth,47
132,Gelsenkirchen,47
133,Gera,47
134,Göttingen,47
135,Hagen,47
136,Halle,47
137,Hamburg,47
138,Hamm,47
139,Hanover,47
140,Heidelberg,47
141,Heilbronn,47
142,Herne,47
143,Hildesheim,47
144,Ingolstadt,47
145,Karlsruhe,47
146,Kassel,47
147,Kiel,47
148,Koblenz,47
149,Krefeld,47
150,Leipzig,47
151,Leverkusen,47
152,Ludwigshafen,47
153,Lübeck,47
154,Magdeburg,47
155,Mainz,47
156,Mannheim,47
157,Moers,47
158,Munich,47
159,Mönchengladbach,47
160,Mülheim,47
161,Münster,47
162,Neuss,47
163,Nuremberg,47
164,Oberhausen,47
165,Offenbach,47
166,Oldenburg,47
167,Osnabrück,47
168,Paderborn,47
169,Pforzheim,47
170,Potsdam,47
171,Ratisbon,47
172,Recklinghausen,47
173,Remscheid,47
174,Reutlingen,47
175,Rostock,47
176,Saarbrücken,47
177,Salzgitter,47
178,Siegen,47
179,Solingen,47
180,Stuttgart,47
181,Trier,47
182,Ulm,47
183,Wiesbaden,47
184,Witten,47
185,Wolfsburg,47
186,Wuppertal,47
187,Würzburg,47
188,Lárisa,72
189,Pátrai,72
190,Thessaloníki,72
191,Budapest,82
192,Debrecen,82
193,Gyor,82
194,Kecskemét,82
195,Miskolc,82
196,Nyíregyháza,82
197,Pécs,82
198,Szeged,82
199,Székesfehérvár,82
200,Reykjavík,89
201,Cork,86
202,Dublin,86
203,Ancona,91
204,Bari,91
205,Bergamo,91
206,Bologna,91
207,Brescia,91
208,Cagliari,91
209,Catania,91
210,Ferrara,91
211,Florence,91
212,Foggia,91
213,Forlì,91
214,Genoa,91
215,Giugliano In Campania,91
216,Latina,91
217,Leghorn,91
218,Messina,91
219,Milan,91
220,Modena,91
221,Monza,91
222,Naples,91
223,Novara,91
224,Padova,91
225,Palermo,91
226,Parma,91
227,Perugia,91
228,Pescara,91
229,Prato,91
230,Ravenna,91
231,Reggio Di Calabria,91
232,Rimini,91
233,Rome,91
234,Salerno,91
235,Sassari,91
236,Syracuse,91
237,Taranto,91
238,Terni,91
239,Trento,91
240,Trieste,91
241,Turin,91
242,Venice,91
243,Verona,91
244,Vicenza,91
245,Daugavpils,113
246,Riga,113
247,Kaunas,111
248,Klaipeda,111
249,Panevezys,111
250,Siauliai,111
251,Vilnius,111
252,Kumanovo,121
253,Skopje,121
254,Balti,118
255,Chisinau,118
256,Tighina,118
257,Podgorica,125
258,Almere,138
259,Amersfoort,138
260,Amsterdam,138
261,Apeldoorn,138
262,Arnhem,138
263,Breda,138
264,Dordrecht,138
265,Ede,138
266,Eindhoven,138
267,Emmen,138
268,Enschede,138
269,Groningen,138
270,Haarlem,138
271,Haarlemmermeer,138
272,Leiden,138
273,Maastricht,138
274,Nijmegen,138
275,Rotterdam,138
276,The Hague,138
277,Tilburg,138
278,Utrecht,138
279,Zaanstad,138
280,Zoetermeer,138
281,Zwolle,138
282,Bergen,139
283,Oslo,139
284,Stavanger,139
285,Trondheim,139
286,Bialystok,149
287,Bielsko Biala,149
288,Bydgoszcz,149
289,Bytom,149
290,Chorzow,149
291,Cracow,149
292,Czestochowa,149
293,Dabrowa Gornicza,149
294,Elblag,149
295,Gdansk,149
296,Gdynia,149
297,Gliwice,149
298,Gorzow Wielkopolski,149
299,Kalisz,149
300,Katowice,149
301,Kielce,149
302,Koszalin,149
303,Legnica,149
304,Lublin,149
305,Olsztyn,149
306,Opole,149
307,Plock,149
308,Poznan,149
309,Radom,149
310,Ruda Slaska,149
311,Rybnik,149
312,Rzeszow,149
313,Sosnowiec,149
314,Szczecin,149
315,Tarnow,149
316,Torun,149
317,Tychy,149
318,Walbrzych,149
319,Warsaw,149
320,Wloclawek,149
321,Wroclaw,149
322,Zabrze,149
323,Zielona Gora,149
324,Braga,152
325,Coimbra,152
326,Porto,152
327,Arad,157
328,Bacau,157
329,Baia Mare,157
330,Botosani,157
331,Braila,157
332,Brasov,157
333,Bucharest,157
334,Buzau,157
335,Cluj Napoca,157
336,Constanta,157
337,Craiova,157
338,Drobeta Turnu Severin,157
339,Focsani,157
340,Galati,157
341,Iasi,157
342,Oradea,157
343,Piatra Neamt,157
344,Pitesti,157
345,Ploiesti,157
346,Ramnicu Valcea,157
347,Satu Mare,157
348,Sibiu,157
349,Suceava,157
350,Targu Mures,157
351,Timisoara,157
352,Almetyevsk,158
353,Arkhangelsk,158
354,Armavir,158
355,Arzamas,158
356,Balakovo,158
357,Balashikha,158
358,Bataysk,158
359,Belgorod,158
360,Berezniki,158
361,Bryansk,158
362,Cheboksary,158
363,Cherepovets,158
364,Dimitrovgrad,158
365,Dzerzhinsk,158
366,Elektrostal,158
367,Engels,158
368,Glazov,158
369,Ivanovo,158
370,Izhevsk,158
371,Kaliningrad,158
372,Kaluga,158
373,Kamyshin,158
374,Kazan,158
375,Khimki,158
376,Kirov,158
377,Kolomna,158
378,Kolpino,158
379,Kostroma,158
380,Kovrov,158
381,Krasnodar,158
382,Kursk,158
383,Lipetsk,158
384,Lyubertsy,158
385,Maykop,158
386,Moscow,158
387,Murmansk,158
388,Murom,158
389,Mytishchi,158
390,Neftekamsk,158
391,Nizhnekamsk,158
392,Nizhniy Novgorod,158
393,Noginsk,158
394,Novocheboksarsk,158
395,Novocherkassk,158
396,Novomoskovsk,158
397,Novorossiysk,158
398,Obninsk,158
399,Odintsovo,158
400,Oktyabrskiy,158
401,Orekhovo Zuevo,158
402,Orël,158
403,Penza,158
404,Perm,158
405,Petrozavodsk,158
406,Podolsk,158
407,Pskov,158
408,Rostov Na Donu,158
409,Ryazan,158
410,Rybinsk,158
411,Saint Petersburg,158
412,Samara,158
413,Saransk,158
414,Sarapul,158
415,Saratov,158
416,Sergiyev Posad,158
417,Serpukhov,158
418,Severodvinsk,158
419,Shakhty,158
420,Smolensk,158
421,Sochi,158
422,Solikamsk,158
423,Staryy Oskol,158
424,Syktyvkar,158
425,Syzran,158
426,Taganrog,158
427,Tambov,158
428,Tolyatti,158
429,Tula,158
430,Tver,158
431,Ufa,158
432,Ukhta,158
433,Ulyanovsk,158
434,Velikie Luki,158
435,Velikiy Novgorod,158
436,Vladimir,158
437,Volgodonsk,158
438,Volgograd,158
439,Vologda,158
440,Volzhskiy,158
441,Voronezh,158
442,Yaroslavl,158
443,Yelets,158
444,Zelenodolsk,158
445,Zelenograd,158
446,Zhukovskiy,158
447,Belgrade,170
448,Kragujevac,170
449,Nis,170
450,Novi Sad,170
451,Pristina,170
452,Prizren,170
453,Bratislava,173
454,Kosice,173
455,Ljubljana,174
456,A Coruña,56
457,Albacete,56
458,Alcalá De Henares,56
459,Alcobendas,56
460,Alcorcón,56
461,Badajoz,56
462,Badalona,56
463,Barcelona,56
464,Bilbao,56
465,Burgos,56
466,Cartagena,56
467,Fuenlabrada,56
468,Getafe,56
469,Gijón,56
470,Leganés,56
471,León,56
472,Lleida,56
473,Logroño,56
474,Madrid,56
475,Mataró,56
476,Murcia,56
477,Móstoles,56
478,Oviedo,56
479,Palma,56
480,Pamplona,56
481,Sabadell,56
482,Salamanca,56
483,Santander,56
484,Tarragona,56
485,Terrassa,56
486,Torrejón De Ardoz,56
487,Valencia,56
488,Valladolid,56
489,Vigo,56
490,Vitoria,56
491,Zaragoza,56
492,Göteborg,175
493,Malmö,175
494,Stockholm,175
495,Uppsala,175
496,Västerås,175
497,Basel,32
498,Bern,32
499,Geneva,32
500,Lausanne,32
501,Zurich,32
502,Aryanah,189
503,Susah,189
504,Tunis,189
505,Bursa,190
506,Edirne,190
507,Esenyurt,190
508,Gebze,190
509,Inegol,190
510,Istanbul,190
511,Izmit,190
512,Kütahya,190
513,Manisa,190
514,Tekirdag,190
515,Usak,190
516,Zonguldak,190
517,Çorlu,190
518,Bila Tserkva,193
519,Cherkasy,193
520,Chernihiv,193
521,Chernivtsi,193
522,Horlivka,193
523,Kerch,193
524,Kherson,193
525,Kiev,193
526,Kirovohrad,193
527,Kremenchuk,193
528,Kryvyy Rih,193
529,Lvov,193
530,Makiyivka,193
531,Odesa,193
532,Pavlohrad,193
533,Poltava,193
534,Rivne,193
535,Sumy,193
536,Uzhhorod,193
537,Vinnitsa,193
538,Vinnytsya,193
539,Yevpatoriya,193
540,Zaporizhzhya,193
541,Zhytomyr,193
542,Aberdeen,65
543,Basildon,65
544,Belfast,65
545,Birmingham,65
546,Blackburn,65
547,Blackpool,65
548,Bolton,65
549,Bournemouth,65
550,Bradford,65
551,Brighton,65
552,Bristol,65
553,Cambridge,65
554,Cardiff,65
555,Chelmsford,65
556,Cheltenham,65
557,Colchester,65
558,Coventry,65
559,Crawley,65
560,Derby,65
561,Dudley,65
562,Dundee,65
563,Eastbourne,65
564,Edinburgh,65
565,Exeter,65
566,Gillingham,65
567,Glasgow,65
568,Gloucester,65
569,Huddersfield,65
570,Ipswich,65
571,Kingston Upon Hull,65
572,Leeds,65
573,Leicester,65
574,Liverpool,65
575,London,65
576,Luton,65
577,Manchester,65
578,Middlesbrough,65
579,Newcastle Upon Tyne,65
580,Newport,65
581,Northampton,65
582,Norwich,65
583,Nottingham,65
584,Oldham,65
585,Oxford,65
586,Peterborough,65
587,Plymouth,65
588,Poole,65
589,Portsmouth,65
590,Preston,65
591,Reading,65
592,Rotherham,65
593,Saint Helens,65
594,Sheffield,65
595,Slough,65
596,Southampton,65
597,Southend On Sea,65
598,Stockport,65
599,Stoke On Trent,65
600,Sunderland,65
601,Sutton Coldfield,65
602,Swansea,65
603,Swindon,65
604,Walsall,65
605,Watford,65
606,West Bromwich,65
607,Wolverhampton,65
608,Worcester,65
609,York,65
610,Akron,195
611,Alexandria,195
612,Allentown,195
613,Ann Arbor,195
614,Arlington,195
615,Atlanta,195
616,Aurora,195
617,Baltimore,195
618,Birmingham,195
619,Boston,195
620,Bridgeport,195
621,Buffalo,195
622,Cambridge,195
623,Cary,195
624,Cedar Rapids,195
625,Charleston,195
626,Charlotte,195
627,Chattanooga,195
628,Chesapeake,195
629,Chicago,195
630,Cincinnati,195
631,Clarksville,195
632,Clearwater,195
633,Cleveland,195
634,Columbia,195
635,Columbus,195
636,Dayton,195
637,Des Moines,195
638,Detroit,195
639,Durham,195
640,Edison,195
641,Elizabeth,195
642,Evansville,195
643,Fayetteville,195
644,Flint,195
645,Fort Wayne,195
646,Gainesville,195
647,Grand Rapids,195
648,Green Bay,195
649,Greensboro,195
650,Hampton,195
651,Hartford,195
652,Huntsville,195
653,Indianapolis,195
654,Jacksonville,195
655,Jersey City,195
656,Joliet,195
657,Knoxville,195
658,Lansing,195
659,Lexington Fayette,195
660,Louisville,195
661,Lowell,195
662,Madison,195
663,Manchester,195
664,Memphis,195
665,Milwaukee,195
666,Minneapolis,195
667,Montgomery,195
668,Naperville,195
669,Nashville,195
670,New Haven,195
671,New York,195
672,Newark,195
673,Newport News,195
674,Norfolk,195
675,Orlando,195
676,Paterson,195
677,Peoria,195
678,Philadelphia,195
679,Pittsburgh,195
680,Providence,195
681,Raleigh,195
682,Richmond,195
683,Rochester,195
684,Rockford,195
685,Saint Louis,195
686,Saint Paul,195
687,Saint Petersburg,195
688,Savannah,195
689,South Bend,195
690,Springfield,195
691,Stamford,195
692,Sterling Heights,195
693,Syracuse,195
694,Tallahassee,195
695,Tampa,195
696,Toledo,195
697,Toms River,195
698,Virginia Beach,195
699,Warren,195
700,Washington,195
701,Waterbury,195
702,Windsor,195
703,Winston Salem,195
704,Worcester,195
705,Yonkers,195
706,Algiers,52
707,Constantine,52
708,Médéa,52
709,Wahran,52
710,Warqla,52
711,Athens,72
712,Kallithéa,72
713,Peristérion,72
714,Benghazi,106
715,Misratah,106
716,Sabratah,106
717,Tarhunah,106
718,Tripoli,106
719,Zuwarah,106
720,Fez,116
721,Kenitra,116
722,Nador,116
723,Rabat,116
724,Tangier,116
725,Tétouan,116
726,Amadora,152
727,Lisbon,152
728,Queluz,152
729,Setúbal,152
730,Algeciras,56
731,Almería,56
732,Cadiz,56
733,Córdoba,56
734,Dos Hermanas,56
735,Granada,56
736,Huelva,56
737,Jaén,56
738,Jerez,56
739,Marbella,56
740,Málaga,56
741,Sevilla,56
742,Qabis,189
743,Safaqis,189
744,Afyonkarahisar,190
745,Denizli,190
746,Eskisehir,190
747,Izmir,190
748,Nazilli,190
749,Turgutlu,190
750,Çorum,190
751,Ankara,190
752,Nassau,21
753,Baton Rouge,195
754,Cape Coral,195
755,Coral Springs,195
756,Fort Lauderdale,195
757,Hialeah,195
758,Hollywood,195
759,Independence,195
760,Jackson,195
761,Kansas City,195
762,Lincoln,195
763,Little Rock,195
764,Metairie,195
765,Miami,195
766,Miramar,195
767,Mobile,195
768,New Orleans,195
769,Olathe,195
770,Omaha,195
771,Overland Park,195
772,Pembroke Pines,195
773,Port Saint Lucie,195
774,Shreveport,195
775,Sioux Falls,195
776,Topeka,195
777,Tulsa,195
778,Surt,106
779,Casablanca,116
780,Calgary,31
781,Edmonton,31
782,Regina,31
783,Saskatoon,31
784,Winnipeg,31
785,Fort Collins,195
786,Oklahoma City,195
787,Wichita,195
788,Iráklion,72
789,Antalya,190
790,Isparta,190
791,Samsun,190
792,Tokat,190
793,Turhal,190
794,Colorado Springs,195
795,Denver,195
796,Highlands Ranch,195
797,Lakewood,195
798,Norman,195
799,Thornton,195
800,Westminster,195
801,Cherkessk,158
802,Elista,158
803,Kislovodsk,158
804,Nevinnomyssk,158
805,Pyatigorsk,158
806,Salavat,158
807,Stavropol,158
808,Sterlitamak,158
809,Karaman,190
810,Konya,190
811,Aqtöbe,95
812,Atyrau,95
813,Astrakhan,158
814,Chelyabinsk,158
815,Kamensk Uralskiy,158
816,Kurgan,158
817,Magnitogorsk,158
818,Miass,158
819,Nalchik,158
820,Nazran,158
821,Nizhniy Tagil,158
822,Novotroitsk,158
823,Orsk,158
824,Pervouralsk,158
825,Vladikavkaz,158
826,Yekaterinburg,158
827,Zlatoust,158
828,Aksaray,190
829,Alanya,190
830,Erzincan,190
831,Kayseri,190
832,Ordu,190
833,Sivas,190
834,Tarsus,190
835,Trabzon,190
836,Gyumri,8
837,Vanadzor,8
838,Yerevan,8
839,Tbilisi,66
840,Aktau,95
841,Ajdabiya,106
842,Derbent,158
843,Makhachkala,158
844,Erzurum,190
845,Gaziantep,190
846,Kahramanmaras,190
847,Malatya,190
848,Mersin,190
849,Osmaniye,190
850,Siverek,190
851,Urfa,190
852,Antananarivo,119
853,Antsirabe,119
854,Fianarantsoa,119
855,Mahajanga,119
856,Toamasina,119
857,Toliary,119
858,Port Louis,130
859,Agadir,116
860,Asfi,116
861,Marrakesh,116
862,Nacala,128
863,Las Palmas,56
864,Santa Cruz De Tenerife,56
865,Lemesos,45
866,Alexandria,54
867,Tanta,54
868,Bayrut,104
869,Beirut,104
870,Sabha,106
871,Tubruq,106
872,Aleppo,179
873,Idlib,179
874,Manbij,179
875,Tartus,179
876,Adana,190
877,Antakya,190
878,Batman,190
879,Iskenderun,190
880,Viransehir,190
881,Dekernes,54
882,El Mahalla El Kubra,54
883,Ismailia,54
884,Port Said,54
885,Talkha,54
886,Barisal,18
887,Bhairab Bazar,18
888,Chandpur,18
889,Dhaka,18
890,Dinajpur,18
891,Faridpur,18
892,Gazipur,18
893,Jamalpur,18
894,Khulna,18
895,Narayanganj,18
896,Narsingdi,18
897,Nawabganj,18
898,Pabna,18
899,Rajshahi,18
900,Rangpur,18
901,Satkhira,18
902,Sherpur,18
903,Sirajganj,18
904,Tungi,18
905,Akyab,124
906,Bago,124
907,Henzada,124
908,Mawlamyine,124
909,Meiktila,124
910,Monywa,124
911,Pakokku,124
912,Pathein,124
913,Pyay,124
914,Rangoon,124
915,Thaton,124
916,Toungoo,124
917,Yenangyaung,124
918,Achalpur,85
919,Adilabad,85
920,Adoni,85
921,Agartala,85
922,Agra,85
923,Ahmadabad,85
924,Ahmadnagar,85
925,Aizawl,85
926,Ajmer,85
927,Akola,85
928,Alandur,85
929,Alappuzha,85
930,Aligarh,85
931,Allahabad,85
932,Alwar,85
933,Ambala,85
934,Ambarnath,85
935,Ambattur,85
936,Ambur,85
937,Amravati,85
938,Amroha,85
939,Anand,85
940,Anantapur,85
941,Ara,85
942,Asansol,85
943,Aurangabad,85
944,Avadi,85
945,Azamgarh,85
946,Badlapur,85
947,Bagaha,85
948,Bahadurgarh,85
949,Baharampur,85
950,Bahraich,85
951,Baidyabati,85
952,Baleshwar,85
953,Ballia,85
954,Bally,85
955,Balurghat,85
956,Banda,85
957,Bangalore,85
958,Bangaon,85
959,Bankura,85
960,Bansbaria,85
961,Barakpur,85
962,Baranagar,85
963,Barasat,85
964,Barddhaman,85
965,Bareli,85
966,Baripada,85
967,Barsi,85
968,Basirhat,85
969,Basti,85
970,Beawar,85
971,Begusarai,85
972,Belgaum,85
973,Bellary,85
974,Bettiah,85
975,Bhadravati,85
976,Bhadreswar,85
977,Bhagalpur,85
978,Bharatpur,85
979,Bharuch,85
980,Bhatpara,85
981,Bhavnagar,85
982,Bhilai,85
983,Bhilwara,85
984,Bhimavaram,85
985,Bhind,85
986,Bhiwandi,85
987,Bhiwani,85
988,Bhopal,85
989,Bhubaneswar,85
990,Bhuj,85
991,Bhusawal,85
992,Bid,85
993,Bidar,85
994,Bihar,85
995,Bijapur,85
996,Bikaner,85
997,Bilaspur,85
998,Bokaro,85
999,Bombay,85
1000,Botad,85
1001,Brahmapur,85
1002,Budaun,85
1003,Bulandshahr,85
1004,Burhanpur,85
1005,Calcutta,85
1006,Champdani,85
1007,Chandannagar,85
1008,Chandausi,85
1009,Chandrapur,85
1010,Chas,85
1011,Chhapra,85
1012,Chhatarpur,85
1013,Chhindwara,85
1014,Chikmagalur,85
1015,Chitradurga,85
1016,Chittaurgarh,85
1017,Churu,85
1018,Cuddapah,85
1019,Damoh,85
1020,Darbhanga,85
1021,Darjiling,85
1022,Dehra Dun,85
1023,Dehri,85
1024,Delhi,85
1025,Deoria,85
1026,Dewas,85
1027,Dhanbad,85
1028,Dharmavaram,85
1029,Dhaulpur,85
1030,Dhule,85
1031,Dindigul,85
1032,Dum Dum,85
1033,Durg,85
1034,Durgapur,85
1035,Eluru,85
1036,Erode,85
1037,Etah,85
1038,Etawah,85
1039,Faizabad,85
1040,Faridabad,85
1041,Farrukhabad,85
1042,Fatehpur,85
1043,Firozabad,85
1044,Gadag,85
1045,Gandhidham,85
1046,Gandhinagar,85
1047,Gangapur,85
1048,Gangawati,85
1049,Gaya,85
1050,Ghaziabad,85
1051,Ghazipur,85
1052,Godhra,85
1053,Gonda,85
1054,Gondal,85
1055,Gorakhpur,85
1056,Gudalur,85
1057,Gudivada,85
1058,Gulbarga,85
1059,Guna,85
1060,Guntakal,85
1061,Guntur,85
1062,Gurgaon,85
1063,Gwalior,85
1064,Habra,85
1065,Hajipur,85
1066,Haldia,85
1067,Haldwani,85
1068,Halisahar,85
1069,Haora,85
1070,Hapur,85
1071,Hardoi,85
1072,Haridwar,85
1073,Hassan,85
1074,Hathras,85
1075,Hazaribag,85
1076,Hindupur,85
1077,Hoshangabad,85
1078,Hospet,85
1079,Hosur,85
1080,Hubli,85
1081,Hyderabad,85
1082,Ichalkaranji,85
1083,Indore,85
1084,Ingraj Bazar,85
1085,Itarsi,85
1086,Jabalpur,85
1087,Jagadhri,85
1088,Jaipur,85
1089,Jalna,85
1090,Jalpaiguri,85
1091,Jamalpur,85
1092,Jamnagar,85
1093,Jamshedpur,85
1094,Jamuria,85
1095,Jaunpur,85
1096,Jetpur,85
1097,Jhansi,85
1098,Jhunjhunun,85
1099,Jodhpur,85
1100,Junagadh,85
1101,Kakinada,85
1102,Kalol,85
1103,Kalyan,85
1104,Kamarhati,85
1105,Kanchipuram,85
1106,Kanchrapara,85
1107,Kanpur,85
1108,Kapra,85
1109,Karimnagar,85
1110,Karnal,85
1111,Kashipur,85
1112,Katihar,85
1113,Khammam,85
1114,Khandwa,85
1115,Kharagpur,85
1116,Khardaha,85
1117,Khurja,85
1118,Kochi,85
1119,Kolar,85
1120,Kolhapur,85
1121,Kollam,85
1122,Korba,85
1123,Kota,85
1124,Krishnanagar,85
1125,Kulti,85
1126,Kumbakonam,85
1127,Lakhimpur,85
1128,Lakhnau,85
1129,Lalitpur,85
1130,Latur,85
1131,Loni,85
1132,Machilipatnam,85
1133,Madanapalle,85
1134,Madhyamgram,85
1135,Madras,85
1136,Madurai,85
1137,Mahbubnagar,85
1138,Mahesana,85
1139,Maisuru,85
1140,Malegaon,85
1141,Mandsaur,85
1142,Mandya,85
1143,Mangaluru,85
1144,Mathura,85
1145,Mau,85
1146,Mirzapur,85
1147,Moradabad,85
1148,Morena,85
1149,Mormugao,85
1150,Morvi,85
1151,Motihari,85
1152,Munger,85
1153,Murwara,85
1154,Muzaffarnagar,85
1155,Muzaffarpur,85
1156,Nadiad,85
1157,Nagda,85
1158,Nagercoil,85
1159,Nagpur,85
1160,Naihati,85
1161,Nalgonda,85
1162,Nanded,85
1163,Nandurbar,85
1164,Nandyal,85
1165,Nangloi Jat,85
1166,Navadwip,85
1167,Navsari,85
1168,New Delhi,85
1169,Neyveli,85
1170,Nizamabad,85
1171,Ongole,85
1172,Orai,85
1173,Palakkad,85
1174,Palanpur,85
1175,Pali,85
1176,Pallavaram,85
1177,Palwal,85
1178,Panihati,85
1179,Panipat,85
1180,Panvel,85
1181,Parbhani,85
1182,Patan,85
1183,Patna,85
1184,Pilibhit,85
1185,Pimpri,85
1186,Pondicherry,85
1187,Ponnani,85
1188,Porbandar,85
1189,Port Blair,85
1190,Proddatur,85
1191,Pudukkottai,85
1192,Pune,85
1193,Puri,85
1194,Purnia,85
1195,Puruliya,85
1196,Rae Bareli,85
1197,Raichur,85
1198,Raiganj,85
1199,Raigarh,85
1200,Raipur,85
1201,Rajamahendri,85
1202,Rajapalaiyam,85
1203,Rajkot,85
1204,Rajpur,85
1205,Rampur,85
1206,Ranchi,85
1207,Raniganj,85
1208,Ratlam,85
1209,Raurkela,85
1210,Rewa,85
1211,Rewari,85
1212,Rishra,85
1213,Robertsonpet,85
1214,Rohtak,85
1215,Sagar,85
1216,Saharanpur,85
1217,Saharsa,85
1218,Sambalpur,85
1219,Sambhal,85
1220,Sasaram,85
1221,Satara,85
1222,Satna,85
1223,Sawai Madhopur,85
1224,Selam,85
1225,Seoni,85
1226,Shahjahanpur,85
1227,Shantipur,85
1228,Shiliguri,85
1229,Shillong,85
1230,Shimoga,85
1231,Sholapur,85
1232,Shrirampur,85
1233,Sikar,85
1234,Silchar,85
1235,Sitapur,85
1236,Siwan,85
1237,Sonipat,85
1238,Srikakulam,85
1239,Sultanpur,85
1240,Surat,85
1241,Surendranagar,85
1242,Suriapet,85
1243,Tadepallegudem,85
1244,Tambaram,85
1245,Tenali,85
1246,Thana,85
1247,Thanesar,85
1248,Thanjavur,85
1249,Thiruvananthapuram,85
1250,Thrissur,85
1251,Tiruchchirappalli,85
1252,Tirunelveli,85
1253,Tirupati,85
1254,Tiruppur,85
1255,Tiruvannamalai,85
1256,Tiruvottiyur,85
1257,Titagarh,85
1258,Tonk,85
1259,Tumkur,85
1260,Udgir,85
1261,Udupi,85
1262,Ujjain,85
1263,Ulhasnagar,85
1264,Ulubaria,85
1265,Unnao,85
1266,Vadodara,85
1267,Varanasi,85
1268,Vejalpur,85
1269,Velluru,85
1270,Veraval,85
1271,Vidisha,85
1272,Vijayawada,85
1273,Virar,85
1274,Visakhapatnam,85
1275,Vizianagaram,85
1276,Warangal,85
1277,Wardha,85
1278,Yamunanagar,85
1279,Yavatmal,85
1280,Yelahanka,85
1281,Banda Aceh,83
1282,Bharatpur,140
1283,Biratnagar,140
1284,Birganj,140
1285,Dharan,140
1286,Kathmandu,140
1287,Lalitpur,140
1288,Pokhara,140
1289,Hyderabad,143
1290,Karachi,143
1291,Mirpur Khas,143
1292,Chavakachcheri,109
1293,Colombo,109
1294,Jaffna,109
1295,Kalmunai,109
1296,Kandy,109
1297,Kotte,109
1298,Moratuwa,109
1299,Negombo,109
1300,Trincomalee,109
1301,Baku,13
1302,Benha,54
1303,Beni Suef,54
1304,Cairo,54
1305,El Faiyûm,54
1306,Gizeh,54
1307,Qalyub,54
1308,Suez,54
1309,Khoy,87
1310,Maragheh,87
1311,Marand,87
1312,Orumiyeh,87
1313,Parsabad,87
1314,Tabriz,87
1315,Dahuk,88
1316,Irbil,88
1317,Kirkuk,88
1318,Ashdod,90
1319,Ashqelon,90
1320,Bat Yam,90
1321,Bene Beraq,90
1322,Haifa,90
1323,Jerusalem,90
1324,Netanya,90
1325,Ramat Gan,90
1326,Tel Aviv Yafo,90
1327,Irbid,93
1328,Sur,104
1329,Damascus,179
1330,Duma,179
1331,Jaramana,179
1332,Siirt,190
1333,Van,190
1334,Ardabil,87
1335,Bandar E Anzali,87
1336,Baneh,87
1337,Bukan,87
1338,Mahabad,87
1339,Marivan,87
1340,Miandoab,87
1341,Rasht,87
1342,Saqqez,87
1343,Zanjan,87
1344,Astana,95
1345,Petropavl,95
1346,Qostanay,95
1347,Temirtau,95
1348,Zhezkazgan,95
1349,Nefteyugansk,158
1350,Nizhnevartovsk,158
1351,Omsk,158
1352,Surgut,158
1353,Tyumen,158
1354,Dasoguz,185
1355,Nukus,196
1356,Dawei,124
1357,Lashio,124
1358,Mandalay,124
1359,Maymyo,124
1360,Mergui,124
1361,Myingyan,124
1362,Taunggyi,124
1363,Dali,34
1364,Gejiu,34
1365,Haikou,34
1366,Kaiyuan,34
1367,Kunming,34
1368,Lasa,34
1369,Lianran,34
1370,Panzhihua,34
1371,Qujing,34
1372,Rongcheng,34
1373,Xichang,34
1374,Xingyi,34
1375,Zhaotong,34
1376,Zhoucheng,34
1377,Abohar,85
1378,Amritsar,85
1379,Barnala,85
1380,Batala,85
1381,Chandigarh,85
1382,Dibrugarh,85
1383,Dimapur,85
1384,Firozpur,85
1385,Ganganagar,85
1386,Guwahati,85
1387,Hanumangarh,85
1388,Hisar,85
1389,Hoshiarpur,85
1390,Imphal,85
1391,Jalandhar,85
1392,Jammu,85
1393,Jind,85
1394,Kaithal,85
1395,Khanna,85
1396,Ludhiana,85
1397,Maler Kotla,85
1398,Moga,85
1399,Pathankot,85
1400,Patiala,85
1401,Phagwara,85
1402,Shimla,85
1403,Sirsa,85
1404,Srinagar,85
1405,Vientiane,103
1406,Ahmadpur East,143
1407,Bahawalnagar,143
1408,Bahawalpur,143
1409,Burewala,143
1410,Chakwal,143
1411,Chiniot,143
1412,Chishtian Mandi,143
1413,Dadu,143
1414,Daska,143
1415,Dera Ghazi Khan,143
1416,Dera Ismail Khan,143
1417,Faisalabad,143
1418,Gojra,143
1419,Gujranwala,143
1420,Gujrat,143
1421,Hafizabad,143
1422,Islamabad,143
1423,Jacobabad,143
1424,Jaranwala,143
1425,Jhang,143
1426,Jhelum,143
1427,Kamalia,143
1428,Kamoke,143
1429,Kasur,143
1430,Khairpur,143
1431,Khanewal,143
1432,Khanpur,143
1433,Khushab,143
1434,Kohat,143
1435,Kot Addu,143
1436,Lahore,143
1437,Larkana,143
1438,Mandi Bahauddin,143
1439,Multan,143
1440,Muridke,143
1441,Muzaffargarh,143
1442,Nawabshah,143
1443,Okara,143
1444,Pakpattan,143
1445,Rawalpindi,143
1446,Sadiqabad,143
1447,Sahiwal,143
1448,Sargodha,143
1449,Shekhupura,143
1450,Shikarpur,143
1451,Sialkot,143
1452,Sukkur,143
1453,Tando Adam,143
1454,Vihari,143
1455,Wazirabad,143
1456,Bangkok,183
1457,Chiang Mai,183
1458,Chon Buri,183
1459,Hat Yai,183
1460,Khlong Luang,183
1461,Khon Kaen,183
1462,Lampang,183
1463,Nakhon Pathom,183
1464,Nakhon Ratchasima,183
1465,Nakhon Si Thammarat,183
1466,Nonthaburi,183
1467,Pak Kret,183
1468,Phitsanulok,183
1469,Phra Pradaeng,183
1470,Rayong,183
1471,Samut Prakan,183
1472,Si Racha,183
1473,Surat Thani,183
1474,Thanyaburi,183
1475,Udon Thani,183
1476,Ekibastuz,95
1477,Pavlodar,95
1478,Aswan,54
1479,Asyut,54
1480,Luxor,54
1481,Qena,54
1482,Sohag,54
1483,Ahvaz,87
1484,Amol,87
1485,Arak,87
1486,Babol,87
1487,Bojnurd,87
1488,Borujerd,87
1489,Dezful,87
1490,Do Rud,87
1491,Esfahan,87
1492,Eslamshahr,87
1493,Gonbad E Qabus,87
1494,Gorgan,87
1495,Hamadan,87
1496,Ilam,87
1497,Karaj,87
1498,Kashan,87
1499,Kermanshah,87
1500,Khomeynishahr,87
1501,Khorramabad,87
1502,Kuhdasht,87
1503,Masjed E Soleyman,87
1504,Qarchak,87
1505,Qazvin,87
1506,Qom,87
1507,Quchan,87
1508,Sanandaj,87
1509,Sari,87
1510,Saveh,87
1511,Semnan,87
1512,Shahr E Kord,87
1513,Shahrud,87
1514,Varamin,87
1515,Baghdad,88
1516,Tabuk,161
1517,Asgabat,185
1518,Acheng,34
1519,Aksu,34
1520,Altay,34
1521,Anda,34
1522,Ankang,34
1523,Anyang,34
1524,Baicheng,34
1525,Baiyin,34
1526,Baoding,34
1527,Baoji,34
1528,Beian,34
1529,Beipiao,34
1530,Cangzhou,34
1531,Changchun,34
1532,Changji,34
1533,Chaoyang,34
1534,Chengde,34
1535,Chengdu,34
1536,Chifeng,34
1537,Daan,34
1538,Datong,34
1539,Dawukou,34
1540,Daxian,34
1541,Dehui,34
1542,Deyang,34
1543,Dezhou,34
1544,Dingzhou,34
1545,Fuxin,34
1546,Fuyu,34
1547,Gongzhuling,34
1548,Guangyuan,34
1549,Haibowan,34
1550,Hailar,34
1551,Hailun,34
1552,Hami,34
1553,Hangu,34
1554,Hanzhong,34
1555,Harbin,34
1556,Hebi,34
1557,Hengshui,34
1558,Hohhot,34
1559,Honggang,34
1560,Houma,34
1561,Huangcun,34
1562,Hulan,34
1563,Hulan Ergi,34
1564,Jiangyou,34
1565,Jiayuguan,34
1566,Jinchang,34
1567,Jining,34
1568,Jinxi,34
1569,Jinzhou,34
1570,Jiutai,34
1571,Karamay,34
1572,Korla,34
1573,Kuytun,34
1574,Langfang,34
1575,Lanzhou,34
1576,Leshan,34
1577,Linfen,34
1578,Linshui,34
1579,Linxi,34
1580,Linxia,34
1581,Longfeng,34
1582,Longjiang,34
1583,Luancheng,34
1584,Luzhou,34
1585,Mentougou,34
1586,Mianyang,34
1587,Nancha,34
1588,Nanchong,34
1589,Nanpiao,34
1590,Nehe,34
1591,Neijiang,34
1592,Peking,34
1593,Pingliang,34
1594,Qianguo,34
1595,Qinhuangdao,34
1596,Qiqihar,34
1597,Ranghulu,34
1598,Sanmenxia,34
1599,Shihezi,34
1600,Shizuishan,34
1601,Shuangcheng,34
1602,Shunyi,34
1603,Suihua,34
1604,Suining,34
1605,Taiyuan,34
1606,Tanggu,34
1607,Tangshan,34
1608,Taonan,34
1609,Tianjin,34
1610,Tieli,34
1611,Tieling,34
1612,Tongchuan,34
1613,Tongliao,34
1614,Tongzhou,34
1615,Weinan,34
1616,Wuda,34
1617,Wufeng,34
1618,Wulanhaote,34
1619,Wuwei,34
1620,Xian,34
1621,Xianyang,34
1622,Xingtai,34
1623,Xining,34
1624,Xinxiang,34
1625,Xinzhou,34
1626,Xuanhua,34
1627,Yaan,34
1628,Yakeshi,34
1629,Yanan,34
1630,Yibin,34
1631,Yichun,34
1632,Yinchuan,34
1633,Yining,34
1634,Yuci,34
1635,Yuncheng,34
1636,Zalantun,34
1637,Zhangjiakou,34
1638,Zhaodong,34
1639,Zhuozhou,34
1640,Zigong,34
1641,Ürümqi,34
1642,Abadan,87
1643,Khorramshahr,87
1644,Almaty,95
1645,Semey,95
1646,Öskemen,95
1647,Ulaanbaatar,126
1648,Abakan,158
1649,Achinsk,158
1650,Angarsk,158
1651,Barnaul,158
1652,Biysk,158
1653,Blagoveshchensk,158
1654,Bratsk,158
1655,Chita,158
1656,Heihe,158
1657,Irkutsk,158
1658,Kansk,158
1659,Kemerovo,158
1660,Krasnoyarsk,158
1661,Kyzyl,158
1662,Leninsk Kuznetskiy,158
1663,Mezhdurechensk,158
1664,Norilsk,158
1665,Novokuznetsk,158
1666,Novosibirsk,158
1667,Prokopyevsk,158
1668,Rubtsovsk,158
1669,Seversk,158
1670,Tomsk,158
1671,Ulan Ude,158
1672,Ust Ilimsk,158
1673,Abilene,195
1674,Albuquerque,195
1675,Amarillo,195
1676,Arvada,195
1677,Austin,195
1678,Beaumont,195
1679,Carrollton,195
1680,Corpus Christi,195
1681,Dallas,195
1682,Denton,195
1683,Fort Worth,195
1684,Garland,195
1685,Grand Prairie,195
1686,Houston,195
1687,Irving,195
1688,Killeen,195
1689,Lafayette,195
1690,Lubbock,195
1691,Mesquite,195
1692,Pasadena,195
1693,Plano,195
1694,Pueblo,195
1695,Richardson,195
1696,San Antonio,195
1697,Waco,195
1698,Wichita Falls,195
1699,Salt Lake City,195
1700,Spokane,195
1701,West Jordan,195
1702,West Valley City,195
1703,Bayamo,43
1704,Camagüey,43
1705,Ciego De Ávila,43
1706,Cienfuegos,43
1707,Guantánamo,43
1708,Holguín,43
1709,Las Tunas,43
1710,Manzanillo,43
1711,Matanzas,43
1712,Palma Soriano,43
1713,Pinar Del Río,43
1714,Sancti Spíritus,43
1715,Santa Clara,43
1716,Santiago De Cuba,43
1717,Cap Haïtien,81
1718,Acuña,120
1719,Cancún,120
1720,Matamoros,120
1721,Mérida,120
1722,Piedras Negras,120
1723,Reynosa,120
1724,Brownsville,195
1725,Laredo,195
1726,Nuevo Laredo,195
1727,Boa Vista,26
1728,Macapá,26
1729,Manaus,26
1730,Santarém,26
1731,Barrancabermeja,39
1732,Barranquilla,39
1733,Bello,39
1734,Bogotá,39
1735,Bucaramanga,39
1736,Cartagena,39
1737,Cúcuta,39
1738,Dos Quebradas,39
1739,Envigado,39
1740,Floridablanca,39
1741,Girardot,39
1742,Girón,39
1743,Ibagué,39
1744,Itagüí,39
1745,Magangué,39
1746,Maicao,39
1747,Malambo,39
1748,Manizales,39
1749,Medellín,39
1750,Montería,39
1751,Pereira,39
1752,Santa Marta,39
1753,Sincelejo,39
1754,Soacha,39
1755,Sogamoso,39
1756,Soledad,39
1757,Tunja,39
1758,Valledupar,39
1759,Villavicencio,39
1760,Higüey,51
1761,La Romana,51
1762,La Vega,51
1763,Puerto Plata,51
1764,San Cristóbal,51
1765,San Francisco De Macorís,51
1766,San Pedro De Macorís,51
1767,Santiago,51
1768,Santo Domingo,51
1769,Georgetown,77
1770,Carrefour,81
1771,Delmas,81
1772,Port Au Prince,81
1773,Pétionville,81
1774,Kingston,92
1775,Portmore,92
1776,Spanish Town,92
1777,Carolina,150
1778,Ponce,150
1779,San Juan,150
1780,Paramaribo,172
1781,Acarigua,198
1782,Anaco,198
1783,Barcelona,198
1784,Barinas,198
1785,Barquisimeto,198
1786,Baruta,198
1787,Cabimas,198
1788,Cabudare,198
1789,Cagua,198
1790,Calabozo,198
1791,Caracas,198
1792,Carúpano,198
1793,Catia La Mar,198
1794,Charallave,198
1795,Ciudad Bolívar,198
1796,Ciudad Guayana,198
1797,Coro,198
1798,Cumaná,198
1799,Cúa,198
1800,Ejido,198
1801,El Limón,198
1802,El Tigre,198
1803,Guacara,198
1804,Guanare,198
1805,Guarenas,198
1806,Guatire,198
1807,Los Teques,198
1808,Maracaibo,198
1809,Maracay,198
1810,Mariara,198
1811,Maturín,198
1812,Ocumare Del Tuy,198
1813,Palo Negro,198
1814,Petare,198
1815,Puerto Cabello,198
1816,Punto Fijo,198
1817,San Cristóbal,198
1818,Santa Teresa,198
1819,Turmero,198
1820,Valencia,198
1821,Phnum Pénh,98
1822,Armenia,39
1823,Buenaventura,39
1824,Buga,39
1825,Cali,39
1826,Cartago,39
1827,Neiva,39
1828,Palmira,39
1829,Tuluá,39
1830,Choloma,79
1831,El Progreso,79
1832,La Ceiba,79
1833,San Pedro Sula,79
1834,Tegucigalpa,79
1835,Adiwerna,83
1836,Arjawinangun,83
1837,Astanajapura,83
1838,Babakan,83
1839,Balikpapan,83
1840,Bandung,83
1841,Banjaran,83
1842,Banjarmasin,83
1843,Banyuwangi,83
1844,Baturaja,83
1845,Bekasi,83
1846,Belawan,83
1847,Bengkulu,83
1848,Binjai,83
1849,Blitar,83
1850,Bogor,83
1851,Bontang,83
1852,Brebes,83
1853,Ciamis,83
1854,Ciampea,83
1855,Cianjur,83
1856,Cibadak,83
1857,Cibinong,83
1858,Cibitung,83
1859,Cicalengka,83
1860,Cikampek,83
1861,Cikarang,83
1862,Cikupa,83
1863,Cilegon,83
1864,Cileungsi,83
1865,Cileunyi,83
1866,Cimahi,83
1867,Ciomas,83
1868,Ciparay,83
1869,Ciputat,83
1870,Cirebon,83
1871,Cisaat,83
1872,Cisarua,83
1873,Citeureup,83
1874,Curug,83
1875,Denpasar,83
1876,Depok,83
1877,Dumai,83
1878,Garut,83
1879,Grogol,83
1880,Indramayu,83
1881,Jakarta,83
1882,Jambi,83
1883,Jember,83
1884,Jombang,83
1885,Karang Tengah,83
1886,Karawang,83
1887,Kebumen,83
1888,Kediri,83
1889,Kedungwuni,83
1890,Kemang,83
1891,Kisaran,83
1892,Klaten,83
1893,Kresek,83
1894,Lawang,83
1895,Lembang,83
1896,Leuwiliang,83
1897,Loa Janan,83
1898,Lumajang,83
1899,Madiun,83
1900,Magelang,83
1901,Majalaya,83
1902,Malang,83
1903,Martapura,83
1904,Mataram,83
1905,Medan,83
1906,Metro,83
1907,Mojokerto,83
1908,Pacet,83
1909,Padalarang,83
1910,Padang,83
1911,Palembang,83
1912,Palu,83
1913,Pamanukan,83
1914,Pamulang,83
1915,Pangkah,83
1916,Parung,83
1917,Pasarkemis,83
1918,Paseh,83
1919,Pasuruan,83
1920,Pati,83
1921,Payakumbuh,83
1922,Pekalongan,83
1923,Pemalang,83
1924,Perbaungan,83
1925,Plumbon,83
1926,Pontianak,83
1927,Prabumulih,83
1928,Pringsewu,83
1929,Probolinggo,83
1930,Purwakarta,83
1931,Purwodadi,83
1932,Purwokerto,83
1933,Purworejo,83
1934,Rancaekek,83
1935,Rangkasbitung,83
1936,Rantauprapat,83
1937,Rengasdengklok,83
1938,Salatiga,83
1939,Samarinda,83
1940,Sawangan,83
1941,Semarang,83
1942,Sepatan,83
1943,Serang,83
1944,Sidoarjo,83
1945,Singaraja,83
1946,Singkawang,83
1947,Soreang,83
1948,Subang,83
1949,Sukabumi,83
1950,Sukaraja,83
1951,Sumedang,83
1952,Sunggal,83
1953,Surabaya,83
1954,Surakarta,83
1955,Taman,83
1956,Tambun,83
1957,Tangerang,83
1958,Tanjung Morawa,83
1959,Tasikmalaya,83
1960,Tebingtinggi,83
1961,Tegal,83
1962,Teluknaga,83
1963,Ungaran,83
1964,Waru,83
1965,Weru,83
1966,Yogyakarta,83
1967,Alor Setar,132
1968,Ayer Itam,132
1969,Bandar Maharani,132
1970,Bandar Penggaram,132
1971,Bintulu,132
1972,Bukit Mertajam,132
1973,Butterworth,132
1974,Ipoh,132
1975,Johor Bahru,132
1976,Klang,132
1977,Kluang,132
1978,Kota Bahru,132
1979,Kota Kinabalu,132
1980,Kuala Lumpur,132
1981,Kuala Terengganu,132
1982,Kuantan,132
1983,Kuching,132
1984,Kulim,132
1985,Lahad Datu,132
1986,Melaka,132
1987,Miri,132
1988,Pasir Gudang,132
1989,Petaling Jaya,132
1990,Rawang,132
1991,Sandakan,132
1992,Sekudai,132
1993,Seremban,132
1994,Shah Alam,132
1995,Sibu,132
1996,Sungai Petani,132
1997,Taiping,132
1998,Tawau,132
1999,Apodaca,120
2000,Campeche,120
2001,Carmen,120
2002,Chetumal,120
2003,Coatzacoalcos,120
2004,Garza García,120
2005,General Escobedo,120
2006,Guadalupe,120
2007,Juarez,120
2008,Minatitlán,120
2009,Monclova,120
2010,Monterrey,120
2011,Saltillo,120
2012,San Nicolás De Los Garza,120
2013,Santa Catarina,120
2014,Tampico,120
2015,Villahermosa,120
2016,Managua,137
2017,Masaya,137
2018,Panamá,144
2019,San Miguelito,144
2020,Jolo,146
2021,Singapore,164
2022,Ubon Ratchathani,183
2023,El Paso,195
2024,Bac Lieu,201
2025,Biên Hòa,201
2026,Buon Me Thuot,201
2027,Cam Ranh,201
2028,Can Tho,201
2029,Cà Mau,201
2030,Da Lat,201
2031,Da Nang,201
2032,Ho Chi Minh City,201
2033,Hue,201
2034,Long Xuyên,201
2035,My Tho,201
2036,Nha Trang,201
2037,Phan Thiet,201
2038,Plây Cu,201
2039,Qui Nhon,201
2040,Rach Gia,201
2041,Soc Trang,201
2042,Vinh,201
2043,Vinh Long,201
2044,Vung Tau,201
2045,Escuintla,75
2046,Guatemala,75
2047,Guatemala City,75
2048,Mixco,75
2049,Petapa,75
2050,Quetzaltenango,75
2051,San Juan Sacatepéquez,75
2052,Villa Canales,75
2053,Villa Nueva,75
2054,Xalapa,120
2055,Abbotsford,31
2056,Kelowna,31
2057,Vancouver,31
2058,Victoria,31
2059,Anchorage,195
2060,Bellevue,195
2061,Eugene,195
2062,Portland,195
2063,Provo,195
2064,Salem,195
2065,Seattle,195
2066,Tacoma,195
2067,Vancouver,195
2068,Anshan,34
2069,Badaojiang,34
2070,Baoshan,34
2071,Benxi,34
2072,Dalian,34
2073,Didao,34
2074,Dongling,34
2075,Dunhua,34
2076,Fengcheng,34
2077,Fushun,34
2078,Haicheng,34
2079,Hegang,34
2080,Hengshan,34
2081,Huadian,34
2082,Jiamusi,34
2083,Jiaohe,34
2084,Jilin,34
2085,Jishu,34
2086,Jiupu,34
2087,Jixi,34
2088,Liaoyang,34
2089,Longjing,34
2090,Mudanjiang,34
2091,Qitaihe,34
2092,Shenyang,34
2093,Shuangyashan,34
2094,Sujiatun,34
2095,Yanji,34
2096,Yingkou,34
2097,Yushu,34
2098,Khabarovsk,158
2099,Komsomolsk Na Amure,158
2100,Ussuriysk,158
2101,Vladivostok,158
2102,Shymkent,95
2103,Taraz,95
2104,Concordia,7
2105,Corrientes,7
2106,Formosa,7
2107,Lambaré,7
2108,Posadas,7
2109,Resistencia,7
2110,Alagoinhas,26
2111,Americana,26
2112,Angra Dos Reis,26
2113,Anápolis,26
2114,Apucarana,26
2115,Aracaju,26
2116,Araguaína,26
2117,Arapiraca,26
2118,Araraquara,26
2119,Araras,26
2120,Araruama,26
2121,Araucária,26
2122,Araçatuba,26
2123,Atibaia,26
2124,Barbacena,26
2125,Barra Mansa,26
2126,Barreiras,26
2127,Barretos,26
2128,Barueri,26
2129,Bauru,26
2130,Belford Roxo,26
2131,Belo Horizonte,26
2132,Betim,26
2133,Birigui,26
2134,Blumenau,26
2135,Botucatu,26
2136,Bragança Paulista,26
2137,Brasília,26
2138,Cabo Frio,26
2139,Cachoeirinha,26
2140,Cachoeiro De Itapemirim,26
2141,Camaçari,26
2142,Campina Grande,26
2143,Campinas,26
2144,Campo Grande,26
2145,Campos,26
2146,Canoas,26
2147,Carapicuíba,26
2148,Cariacica,26
2149,Caruaru,26
2150,Cascavel,26
2151,Catanduva,26
2152,Caxias Do Sul,26
2153,Chapecó,26
2154,Colatina,26
2155,Colombo,26
2156,Conselheiro Lafaiete,26
2157,Contagem,26
2158,Coronel Fabriciano,26
2159,Cotia,26
2160,Criciúma,26
2161,Cubatão,26
2162,Cuiabá,26
2163,Curitiba,26
2164,Diadema,26
2165,Divinópolis,26
2166,Dourados,26
2167,Duque De Caxias,26
2168,Embu,26
2169,Esmeraldas,26
2170,Feira De Santana,26
2171,Ferraz De Vasconcelos,26
2172,Florianópolis,26
2173,Foz Do Iguaçu,26
2174,Franca,26
2175,Francisco Morato,26
2176,Franco Da Rocha,26
2177,Garanhuns,26
2178,Goiânia,26
2179,Governador Valadares,26
2180,Gravataí,26
2181,Guarapari,26
2182,Guarapuava,26
2183,Guaratinguetá,26
2184,Guarujá,26
2185,Guarulhos,26
2186,Guaíba,26
2187,Hortolândia,26
2188,Ibirité,26
2189,Ilhéus,26
2190,Indaiatuba,26
2191,Ipatinga,26
2192,Itaboraí,26
2193,Itabuna,26
2194,Itaguaí,26
2195,Itajaí,26
2196,Itapecerica Da Serra,26
2197,Itapetininga,26
2198,Itapevi,26
2199,Itaquaquecetuba,26
2200,Itu,26
2201,Jaboatão,26
2202,Jacareí,26
2203,Jandira,26
2204,Jaraguá Do Sul,26
2205,Jaú,26
2206,Jequié,26
2207,Joinville,26
2208,Juazeiro Do Norte,26
2209,Juiz De Fora,26
2210,Jundiaí,26
2211,Juàzeiro,26
2212,Lages,26
2213,Limeira,26
2214,Linhares,26
2215,Londrina,26
2216,Luziânia,26
2217,Macaé,26
2218,Maceió,26
2219,Magé,26
2220,Maringá,26
2221,Marília,26
2222,Mauá,26
2223,Moji Das Cruzes,26
2224,Montes Claros,26
2225,Nilópolis,26
2226,Niterói,26
2227,Nossa Senhora Do Socorro,26
2228,Nova Friburgo,26
2229,Nova Iguaçu,26
2230,Novo Hamburgo,26
2231,Osasco,26
2232,Palhoça,26
2233,Palmas,26
2234,Paranaguá,26
2235,Passo Fundo,26
2236,Patos De Minas,26
2237,Pelotas,26
2238,Petrolina,26
2239,Petrópolis,26
2240,Pindamonhangaba,26
2241,Piracicaba,26
2242,Ponta Grossa,26
2243,Porto Alegre,26
2244,Pouso Alegre,26
2245,Poá,26
2246,Poços De Caldas,26
2247,Praia Grande,26
2248,Presidente Prudente,26
2249,Pôrto Seguro,26
2250,Queimados,26
2251,Recife,26
2252,Resende,26
2253,Ribeirão Das Neves,26
2254,Ribeirão Pires,26
2255,Ribeirão Prêto,26
2256,Rio Claro,26
2257,Rio De Janeiro,26
2258,Rio Grande,26
2259,Rondonópolis,26
2260,Sabará,26
2261,Salvador,26
2262,Santa Cruz Do Sul,26
2263,Santa Luzia,26
2264,Santa Maria,26
2265,Santo André,26
2266,Santos,26
2267,Sapucaia,26
2268,Serra,26
2269,Sete Lagoas,26
2270,Sorocaba,26
2271,Sumaré,26
2272,Suzano,26
2273,São Bernardo Do Campo,26
2274,São Caetano Do Sul,26
2275,São Carlos,26
2276,São Gonçalo,26
2277,São José,26
2278,São José Do Rio Prêto,26
2279,São José Dos Campos,26
2280,São José Dos Pinhais,26
2281,São João De Meriti,26
2282,São Leopoldo,26
2283,São Paulo,26
2284,São Vicente,26
2285,Taboão Da Serra,26
2286,Taubaté,26
2287,Teresópolis,26
2288,Teófilo Otoni,26
2289,Uberaba,26
2290,Uberlândia,26
2291,Uruguaiana,26
2292,Varginha,26
2293,Viamão,26
2294,Vila Velha,26
2295,Vitória,26
2296,Vitória Da Conquista,26
2297,Vitória De Santo Antão,26
2298,Volta Redonda,26
2299,Várzea Grande,26
2300,Várzea Paulista,26
2301,Kashi,34
2302,Mashhad,87
2303,Neyshabur,87
2304,Sabzevar,87
2305,Asunción,153
2306,Capiatá,153
2307,Fernando De La Mora,153
2308,Luque,153
2309,San Lorenzo,153
2310,Dushanbe,184
2311,Khujand,184
2312,Türkmenabat,185
2313,Montevideo,194
2314,Salto,194
2315,Andijon,196
2316,Angren,196
2317,Namangan,196
2318,Navoi,196
2319,Samarkand,196
2320,Tashkent,196
2321,Baglan,2
2322,Gardez,2
2323,Jalalabad,2
2324,Kabul,2
2325,Qunduz,2
2326,Mardan,143
2327,Mingaora,143
2328,Peshawar,143
2329,Wah,143
2330,Termiz,196
2331,Aguascalientes,120
2332,Celaya,120
2333,Chalco,120
2334,Chihuahua,120
2335,Chilpancingo,120
2336,Chimalhuacán,120
2337,Ciudad Valles,120
2338,Coacalco,120
2339,Cuautitlán Izcalli,120
2340,Cuautla,120
2341,Cuernavaca,120
2342,Córdoba,120
2343,Delicias,120
2344,Durango,120
2345,Ecatepec,120
2346,Fresnillo,120
2347,Guaymas,120
2348,Gómez Palacio,120
2349,Hermosillo,120
2350,Huixquilucan,120
2351,Iguala,120
2352,Irapuato,120
2353,Ixtapaluca,120
2354,Jiutepec,120
2355,León,120
2356,Los Reyes,120
2357,López Mateos,120
2358,Mazatlán,120
2359,Metepec,120
2360,Mexico,120
2361,Morelia,120
2362,Naucalpan,120
2363,Nezahualcóyotl,120
2364,Nicolás Romero,120
2365,Oaxaca,120
2366,Obregon,120
2367,Orizaba,120
2368,Pachuca,120
2369,Puebla,120
2370,Querétaro,120
2371,Salamanca,120
2372,San Juan Del Río,120
2373,San Luis Potosí,120
2374,San Pablo De Las Salinas,120
2375,Tapachula,120
2376,Tehuacán,120
2377,Texcoco,120
2378,Tlalnepantla,120
2379,Toluca,120
2380,Torreón,120
2381,Tulancingo,120
2382,Tuxtla Gutiérrez,120
2383,Uruapan,120
2384,Veracruz,120
2385,Xico,120
2386,Zacatecas,120
2387,Zamora,120
2388,Chandler,195
2389,Gilbert,195
2390,Glendale,195
2391,Henderson,195
2392,Las Vegas,195
2393,Mesa,195
2394,Nogales,195
2395,North Las Vegas,195
2396,Paradise,195
2397,Phoenix,195
2398,Reno,195
2399,Roseville,195
2400,Scottsdale,195
2401,Spring Valley,195
2402,Sunrise Manor,195
2403,Tempe,195
2404,Tucson,195
2405,Soyapango,167
2406,Culiacán,120
2407,Los Mochis,120
2408,Tepic,120
2409,Gazni,2
2410,Herat,2
2411,Apopa,167
2412,Mejicanos,167
2413,Nueva San Salvador,167
2414,San Salvador,167
2415,Santa Ana,167
2416,Khuzdar,143
2417,Colima,120
2418,Guadalajara,120
2419,Tlaquepaque,120
2420,Tonalá,120
2421,Zapopan,120
2422,Binzhou,34
2423,Dandong,34
2424,Dongying,34
2425,Pulandian,34
2426,Weihai,34
2427,Wencheng,34
2428,Yantai,34
2429,Zhaocheng,34
2430,Shahreza,87
2431,Asahikawa,94
2432,Kitami,94
2433,Nakhodka,158
2434,Petropavlovsk Kamchatskiy,158
2435,Seoul,101
2436,Anshun,34
2437,Beibei,34
2438,Beihai,34
2439,Boshan,34
2440,Buhe,34
2441,Changde,34
2442,Chenzhou,34
2443,Chongqing,34
2444,Chuncheng,34
2445,Daliang,34
2446,Danshui,34
2447,Dongli,34
2448,Encheng,34
2449,Foshan,34
2450,Fuling,34
2451,Gaozhou,34
2452,Guangzhou,34
2453,Guilin,34
2454,Guiyang,34
2455,Handan,34
2456,Hengyang,34
2457,Honghu,34
2458,Huaihua,34
2459,Huangpu,34
2460,Huizhou,34
2461,Humen,34
2462,Jiangmen,34
2463,Jiaozuo,34
2464,Jinan,34
2465,Jinchengjiang,34
2466,Jishou,34
2467,Kaili,34
2468,Laiwu,34
2469,Laohekou,34
2470,Leiyang,34
2471,Lengshuijiang,34
2472,Liancheng,34
2473,Liaocheng,34
2474,Licheng,34
2475,Linqing,34
2476,Liuzhou,34
2477,Loudi,34
2478,Luoyang,34
2479,Maba,34
2480,Maoming,34
2481,Meilu,34
2482,Mingshui,34
2483,Nanning,34
2484,Nanyang,34
2485,Pingdingshan,34
2486,Pingshan,34
2487,Puyang,34
2488,Qianjiang,34
2489,Qingyuan,34
2490,Qinzhou,34
2491,Sanbu,34
2492,Shahe,34
2493,Shaoguan,34
2494,Shaoyang,34
2495,Shaping,34
2496,Shashi,34
2497,Shilong,34
2498,Shishou,34
2499,Shiyan,34
2500,Taian,34
2501,Taicheng,34
2502,Wanxian,34
2503,Wuzhou,34
2504,Xiangfan,34
2505,Xiantao,34
2506,Xiaolan,34
2507,Xintai,34
2508,Xuchang,34
2509,Yangjiang,34
2510,Yichang,34
2511,Yingcheng,34
2512,Yiyang,34
2513,Yueyang,34
2514,Yulin,34
2515,Zhangdian,34
2516,Zhanjiang,34
2517,Zhaoqing,34
2518,Zhicheng,34
2519,Zhongshan,34
2520,Zhoucun,34
2521,Zhuhai,34
2522,Zouxian,34
2523,Zunyi,34
2524,Shenzhen,78
2525,Chinandega,137
2526,León,137
2527,Puerto Princesa,146
2528,Cam Pha,201
2529,Ha Noi,201
2530,Hai Phong,201
2531,Hanoi,201
2532,Hong Gai,201
2533,Hòa Bình,201
2534,Nam Dinh,201
2535,Thanh Hóa,201
2536,Thái Nguyên,201
2537,Adelaide,11
2538,Albury,11
2539,Brisbane,11
2540,Canberra,11
2541,Geelong,11
2542,Gold Coast,11
2543,Hobart,11
2544,Melbourne,11
2545,Newcastle,11
2546,Sydney,11
2547,Wollongong,11
2548,Anbu,34
2549,Anqing,34
2550,Anqiu,34
2551,Bantou,34
2552,Bengbu,34
2553,Bozhou,34
2554,Changzhou,34
2555,Chaohu,34
2556,Chaozhou,34
2557,Chenghai,34
2558,Chizhou,34
2559,Chuzhou,34
2560,Donghai,34
2561,Dongtai,34
2562,Ezhou,34
2563,Fuyang,34
2564,Fuzhou,34
2565,Ganzhou,34
2566,Gaomi,34
2567,Guangshui,34
2568,Haimen,34
2569,Hangzhou,34
2570,Hefei,34
2571,Heze,34
2572,Huaibei,34
2573,Huainan,34
2574,Huaiyin,34
2575,Huangyan,34
2576,Huangzhou,34
2577,Huicheng,34
2578,Huzhou,34
2579,Jian,34
2580,Jiangyin,34
2581,Jiaojiang,34
2582,Jiaozhou,34
2583,Jiaxing,34
2584,Jiazi,34
2585,Jieshi,34
2586,Jieshou,34
2587,Jingdezhen,34
2588,Jinhua,34
2589,Jiujiang,34
2590,Kaifeng,34
2591,Laiyang,34
2592,Linchuan,34
2593,Linhai,34
2594,Liusha,34
2595,Longyan,34
2596,Luan,34
2597,Luohe,34
2598,Luqiao,34
2599,Maanshan,34
2600,Macheng,34
2601,Nanchang,34
2602,Nanjing,34
2603,Nantong,34
2604,Ningbo,34
2605,Pingxiang,34
2606,Puqi,34
2607,Qingdao,34
2608,Quanzhou,34
2609,Rizhao,34
2610,Ruian,34
2611,Sanming,34
2612,Shanghai,34
2613,Shangqiu,34
2614,Shangrao,34
2615,Shaowu,34
2616,Shaoxing,34
2617,Suzhou,34
2618,Taizhou,34
2619,Tengzhou,34
2620,Tianmen,34
2621,Tongling,34
2622,Weifang,34
2623,Wenzhou,34
2624,Wuhan,34
2625,Wuhu,34
2626,Wuning,34
2627,Wuxi,34
2628,Wuxue,34
2629,Xiamen,34
2630,Xiangdong,34
2631,Xiazhen,34
2632,Xinpu,34
2633,Xinyang,34
2634,Xuanzhou,34
2635,Xuzhou,34
2636,Yancheng,34
2637,Yangzhou,34
2638,Yidu,34
2639,Yingzhong,34
2640,Yizheng,34
2641,Yongan,34
2642,Yushan,34
2643,Yuyao,34
2644,Zaoyang,34
2645,Zaozhuang,34
2646,Zhangzhou,34
2647,Zhaoyang,34
2648,Zhenjiang,34
2649,Zhoukou,34
2650,Zhucheng,34
2651,Zhuji,34
2652,Zhumadian,34
2653,Zhuzhou,34
2654,Akashi,94
2655,Akita,94
2656,Amagasaki,94
2657,Anjo,94
2658,Beppu,94
2659,Daito,94
2660,Ebetsu,94
2661,Fukuyama,94
2662,Habikino,94
2663,Hachinohe,94
2664,Hakodate,94
2665,Handa,94
2666,Hikone,94
2667,Himeji,94
2668,Hirakata,94
2669,Hirosaki,94
2670,Hiroshima,94
2671,Hofu,94
2672,Ibaraki,94
2673,Ichinomiya,94
2674,Iida,94
2675,Ikoma,94
2676,Imabari,94
2677,Inazawa,94
2678,Itami,94
2679,Iwakuni,94
2680,Izumi,94
2681,Joetsu,94
2682,Kadoma,94
2683,Kakamigahara,94
2684,Kakogawa,94
2685,Kariya,94
2686,Kashihara,94
2687,Kasuga,94
2688,Kasugai,94
2689,Kawanishi,94
2690,Kishiwada,94
2691,Kitakyushu,94
2692,Kobe,94
2693,Komaki,94
2694,Komatsu,94
2695,Konan,94
2696,Kurashiki,94
2697,Kure,94
2698,Kurume,94
2699,Kusatsu,94
2700,Kuwana,94
2701,Matsubara,94
2702,Matsumoto,94
2703,Matsusaka,94
2704,Miyakonojo,94
2705,Moriguchi,94
2706,Nagaoka,94
2707,Nagoya,94
2708,Neyagawa,94
2709,Niigata,94
2710,Niihama,94
2711,Nishinomiya,94
2712,Nishio,94
2713,Nobeoka,94
2714,Ogaki,94
2715,Okazaki,94
2716,Omuta,94
2717,Otaru,94
2718,Saga,94
2719,Sakai,94
2720,Sakata,94
2721,Sanda,94
2722,Sasebo,94
2723,Seto,94
2724,Shimonoseki,94
2725,Suita,94
2726,Suzuka,94
2727,Tajimi,94
2728,Takaoka,94
2729,Takarazuka,94
2730,Takatsuki,94
2731,Tokuyama,94
2732,Tomakomai,94
2733,Tondabayashi,94
2734,Tottori,94
2735,Toyonaka,94
2736,Toyota,94
2737,Ube,94
2738,Uji,94
2739,Yao,94
2740,Yatsushiro,94
2741,Yokkaichi,94
2742,Yonago,94
2743,Dunedin,141
2744,Laoag,146
2745,Qandahar,2
2746,Birjand,87
2747,Bushehr,87
2748,Iranshahr,87
2749,Jiroft,87
2750,Kerman,87
2751,Marv Dasht,87
2752,Rafsanjan,87
2753,Shiraz,87
2754,Sirjan,87
2755,Yazd,87
2756,Zabol,87
2757,Quetta,143
2758,Manama,20
2759,Jahrom,87
2760,Acapulco,120
2761,Doha,156
2762,Buraydah,161
2763,Jiddah,161
2764,Mecca,161
2765,Riyadh,161
2766,Abu Dhabi,6
2767,Dubai,6
2768,Sharjah,6
2769,Obihiro,94
2770,Ananindeua,26
2771,Belém,26
2772,Castanhal,26
2773,Caucaia,26
2774,Caxias,26
2775,Fortaleza,26
2776,Imperatriz,26
2777,Marabá,26
2778,Maracanaú,26
2779,Parnaíba,26
2780,Sobral,26
2781,São Luís,26
2782,Teresina,26
2783,Timon,26
2784,Abiko,94
2785,Ageo,94
2786,Akishima,94
2787,Asaka,94
2788,Ashikaga,94
2789,Atsugi,94
2790,Chigasaki,94
2791,Chofu,94
2792,Ebina,94
2793,Fuchu,94
2794,Fuji,94
2795,Fujieda,94
2796,Fujimi,94
2797,Fujinomiya,94
2798,Fujisawa,94
2799,Fukaya,94
2800,Funabashi,94
2801,Hachioji,94
2802,Hadano,94
2803,Hamamatsu,94
2804,Hino,94
2805,Hiratsuka,94
2806,Hitachi,94
2807,Ichihara,94
2808,Ichikawa,94
2809,Iruma,94
2810,Isehara,94
2811,Isesaki,94
2812,Ishinomaki,94
2813,Iwaki,94
2814,Iwatsuki,94
2815,Kamagaya,94
2816,Kamakura,94
2817,Kashiwa,94
2818,Kasukabe,94
2819,Kawagoe,94
2820,Kawaguchi,94
2821,Kawasaki,94
2822,Kiryu,94
2823,Kisarazu,94
2824,Kodaira,94
2825,Koganei,94
2826,Kokubunji,94
2827,Koriyama,94
2828,Koshigaya,94
2829,Kumagaya,94
2830,Machida,94
2831,Matsudo,94
2832,Misato,94
2833,Mishima,94
2834,Mitaka,94
2835,Musashino,94
2836,Nagareyama,94
2837,Narashino,94
2838,Narita,94
2839,Niiza,94
2840,Noda,94
2841,Numazu,94
2842,Odawara,94
2843,Ome,94
2844,Ota,94
2845,Oyama,94
2846,Sagamihara,94
2847,Saitama,94
2848,Sakura,94
2849,Sayama,94
2850,Soka,94
2851,Tachikawa,94
2852,Takasaki,94
2853,Tama,94
2854,Toda,94
2855,Tokorozawa,94
2856,Tokyo,94
2857,Toyohashi,94
2858,Toyokawa,94
2859,Tsuchiura,94
2860,Tsukuba,94
2861,Ueda,94
2862,Urayasu,94
2863,Yachiyo,94
2864,Yaizu,94
2865,Yokosuka,94
2866,Zama,94
2867,Angeles,146
2868,Antipolo,146
2869,Bacoor,146
2870,Baguio,146
2871,Baliuag,146
2872,Bulaon,146
2873,Cabanatuan,146
2874,Cainta,146
2875,Cavite,146
2876,Dagupan,146
2877,Hagonoy,146
2878,Mabalacat,146
2879,Makati,146
2880,Malolos,146
2881,Manila,146
2882,Meycauayan,146
2883,Montalban,146
2884,Olongapo,146
2885,San Fernando,146
2886,San Mateo,146
2887,Santiago,146
2888,Tanza,146
2889,Tarlac,146
2890,Taytay,146
2891,Tuguegarao,146
2892,Urdaneta,146
2893,Ji Paraná,26
2894,Pôrto Velho,26
2895,Batangas,146
2896,Binangonan,146
2897,Calamba,146
2898,Dasmariñas,146
2899,Legaspi,146
2900,Lipa,146
2901,Lucena,146
2902,Naga,146
2903,San Pablo,146
2904,San Pedro,146
2905,Santa Cruz,146
2906,Santa Rosa,146
2907,Abomey Calavi,16
2908,Bohicon,16
2909,Cotonou,16
2910,Djougou,16
2911,Kandi,16
2912,Parakou,16
2913,Bobo Dioulasso,17
2914,Ouagadougou,17
2915,Abengourou,35
2916,Abidjan,35
2917,Agboville,35
2918,Anyama,35
2919,Bouaké,35
2920,Daloa,35
2921,Divo,35
2922,Gagnoa,35
2923,Korhogo,35
2924,Man,35
2925,San Pédro,35
2926,Soubré,35
2927,Yamoussoukro,35
2928,Brikama,69
2929,Serekunda,69
2930,Accra,67
2931,Cape Coast,67
2932,Kumasi,67
2933,Obuasi,67
2934,Sekondi,67
2935,Takoradi,67
2936,Tamale,67
2937,Tema,67
2938,Teshie,67
2939,Conakry,68
2940,Kankan,68
2941,Kindia,68
2942,Nzérékoré,68
2943,Bissau,70
2944,Monrovia,105
2945,Bamako,122
2946,Mopti,122
2947,Sikasso,122
2948,Nouakchott,129
2949,Ensenada,120
2950,La Paz,120
2951,Manzanillo,120
2952,Mexicali,120
2953,Puerto Vallarta,120
2954,San Luis Río Colorado,120
2955,Tijuana,120
2956,Niamey,135
2957,Lagos,136
2958,Dakar,163
2959,Diourbel,163
2960,Kaolack,163
2961,Louga,163
2962,Mbour,163
2963,Saint Louis,163
2964,Thiès,163
2965,Ziguinchor,163
2966,Freetown,166
2967,Koidu,166
2968,Kpalimé,182
2969,Sokodé,182
2970,Anaheim,195
2971,Antioch,195
2972,Bakersfield,195
2973,Berkeley,195
2974,Burbank,195
2975,Chula Vista,195
2976,Concord,195
2977,Corona,195
2978,Costa Mesa,195
2979,Downey,195
2980,East Los Angeles,195
2981,El Monte,195
2982,Escondido,195
2983,Fairfield,195
2984,Fontana,195
2985,Fremont,195
2986,Fresno,195
2987,Fullerton,195
2988,Garden Grove,195
2989,Hayward,195
2990,Huntington Beach,195
2991,Inglewood,195
2992,Irvine,195
2993,Lancaster,195
2994,Long Beach,195
2995,Los Angeles,195
2996,Modesto,195
2997,Moreno Valley,195
2998,Norwalk,195
2999,Oakland,195
3000,Oceanside,195
3001,Ontario,195
3002,Orange,195
3003,Oxnard,195
3004,Palmdale,195
3005,Pomona,195
3006,Rancho Cucamonga,195
3007,Rialto,195
3008,Riverside,195
3009,Sacramento,195
3010,Salinas,195
3011,San Bernardino,195
3012,San Diego,195
3013,San Francisco,195
3014,San Jose,195
3015,Santa Ana,195
3016,Santa Clara,195
3017,Santa Clarita,195
3018,Santa Rosa,195
3019,Simi Valley,195
3020,Stockton,195
3021,Sunnyvale,195
3022,Thousand Oaks,195
3023,Torrance,195
3024,Vallejo,195
3025,Visalia,195
3026,West Covina,195
3027,Bujumbura,14
3028,Bukavu,37
3029,Butembo,37
3030,Gandajika,37
3031,Goma,37
3032,Isiro,37
3033,Kalemie,37
3034,Kananga,37
3035,Kindu,37
3036,Kisangani,37
3037,Likasi,37
3038,Lubumbashi,37
3039,Mbuji Mayi,37
3040,Mwene Ditu,37
3041,Uvira,37
3042,Addis Abeba,58
3043,Awassa,58
3044,Debre Zeyit,58
3045,Dese,58
3046,Dire Dawa,58
3047,Jimma,58
3048,Nazret,58
3049,Eldoret,96
3050,Kisumu,96
3051,Mombasa,96
3052,Nairobi,96
3053,Nakuru,96
3054,Ruiru,96
3055,Blantyre,131
3056,Lilongwe,131
3057,Beira,128
3058,Chimoio,128
3059,Lichinga,128
3060,Nampula,128
3061,Pemba,128
3062,Quelimane,128
3063,Tete,128
3064,Kigali,159
3065,Hargeysa,169
3066,Jamame,169
3067,Kismayo,169
3068,Mogadishu,169
3069,Juba,162
3070,Malakal,162
3071,Arusha,191
3072,Dar Es Salaam,191
3073,Dodoma,191
3074,Iringa,191
3075,Katumba,191
3076,Kigoma,191
3077,Mbeya,191
3078,Morogoro,191
3079,Moshi,191
3080,Musoma,191
3081,Mwanza,191
3082,Shinyanga,191
3083,Songea,191
3084,Tabora,191
3085,Tanga,191
3086,Zanzibar,191
3087,Gulu,192
3088,Kampala,192
3089,Lira,192
3090,Chingola,206
3091,Kabwe,206
3092,Kitwe,206
3093,Luanshya,206
3094,Lusaka,206
3095,Mufulira,206
3096,Ndola,206
3097,Bulawayo,207
3098,Chitungwiza,207
3099,Gweru,207
3100,Harare,207
3101,Kadoma,207
3102,Kwekwe,207
3103,Mutare,207
3104,Camaragibe,26
3105,João Pessoa,26
3106,Mossoró,26
3107,Natal,26
3108,Olinda,26
3109,Parnamirim,26
3110,Paulista,26
3111,Santa Rita,26
3112,San José,42
3113,Perth,11
3114,Florencia,39
3115,Pasto,39
3116,Ibarra,53
3117,Auckland,141
3118,Christchurch,141
3119,Hamilton,141
3120,Lower Hutt,141
3121,North Shore,141
3122,Tauranga,141
3123,Waitakere,141
3124,Wellington,141
3125,Bacolod,146
3126,Cadiz,146
3127,Cagayan De Oro,146
3128,Cebu,146
3129,Dumaguete,146
3130,Iligan,146
3131,Iloilo,146
3132,Kabankalan,146
3133,Lapu Lapu,146
3134,Mandaue,146
3135,Roxas,146
3136,Tacloban,146
3137,Talisay,146
3138,Toledo,146
3139,Zamboanga,146
3140,Bahia Blanca,7
3141,Catamarca,7
3142,Cordoba,7
3143,Jujuy,7
3144,La Plata,7
3145,La Rioja,7
3146,Mar Del Plata,7
3147,Mendoza,7
3148,Mercedes,7
3149,Neuquen,7
3150,Parana,7
3151,Rio Cuarto,7
3152,Rosario,7
3153,Salta,7
3154,San Carlos De Bariloche,7
3155,San Juan,7
3156,San Luis,7
3157,San Martin,7
3158,San Nicolas,7
3159,San Rafael,7
3160,Santa Fe,7
3161,Santiago Del Estero,7
3162,Tandil,7
3163,Trelew,7
3164,Tucuman,7
3165,Cochabamba,25
3166,La Paz,25
3167,Oruro,25
3168,Potosí,25
3169,Sucre,25
3170,Tarija,25
3171,Rio Branco,26
3172,Antofagasta,33
3173,Arica,33
3174,Calama,33
3175,Chillan,33
3176,Concepcion,33
3177,Copiapo,33
3178,Coquimbo,33
3179,Curico,33
3180,Iquique,33
3181,La Serena,33
3182,Los Angeles,33
3183,Osorno,33
3184,Puerto Montt,33
3185,Quilpue,33
3186,Rancagua,33
3187,San Bernardo,33
3188,Santiago,33
3189,Talca,33
3190,Talcahuano,33
3191,Temuco,33
3192,Valdivia,33
3193,Valparaiso,33
3194,Vina Del Mar,33
3195,Arequipa,145
3196,Ayacucho,145
3197,Cusco,145
3198,Ica,145
3199,Iquitos,145
3200,Juliaca,145
3201,Puno,145
3202,Tacna,145
3203,Luanda,3
3204,Comodoro Rivadavia,7
3205,Bafoussam,36
3206,Bamenda,36
3207,Bertoua,36
3208,Douala,36
3209,Edéa,36
3210,Garoua,36
3211,Kousséri,36
3212,Kumba,36
3213,Loum,36
3214,Maroua,36
3215,Mbouda,36
3216,Mokolo,36
3217,Ngaoundéré,36
3218,Nkongsamba,36
3219,Yaoundé,36
3220,Bangui,30
3221,Moundou,181
3222,Sarh,181
3223,Brazzaville,38
3224,Bandundu,37
3225,Boma,37
3226,Gemena,37
3227,Ilebo,37
3228,Kikwit,37
3229,Kinshasa,37
3230,Matadi,37
3231,Mbandaka,37
3232,Tshikapa,37
3233,Bata,71
3234,Malabo,71
3235,Libreville,64
3236,Port Gentil,64
3237,Maradi,135
3238,Zinder,135
3239,Aba,136
3240,Abakaliki,136
3241,Abeokuta,136
3242,Abuja,136
3243,Akure,136
3244,Amaigbo,136
3245,Awka,136
3246,Azare,136
3247,Bama,136
3248,Bauchi,136
3249,Bida,136
3250,Birnin Kebbi,136
3251,Bugama,136
3252,Bénin,136
3253,Calabar,136
3254,Damaturu,136
3255,Ede,136
3256,Ejigbo,136
3257,Enugu,136
3258,Funtua,136
3259,Gashua,136
3260,Gboko,136
3261,Gbongan,136
3262,Gombe,136
3263,Gusau,136
3264,Hadejia,136
3265,Ibadan,136
3266,Ife,136
3267,Igboho,136
3268,Ijero,136
3269,Ikare,136
3270,Ikere,136
3271,Ikire,136
3272,Ikirun,136
3273,Ikole,136
3274,Ikorodu,136
3275,Ikot Ekpene,136
3276,Ila,136
3277,Ilawe,136
3278,Ilesha,136
3279,Ilobu,136
3280,Ilorin,136
3281,Inisa,136
3282,Ise,136
3283,Iseyin,136
3284,Iwo,136
3285,Jalingo,136
3286,Jimeta,136
3287,Jos,136
3288,Kaduna,136
3289,Kano,136
3290,Katsina,136
3291,Kishi,136
3292,Lafia,136
3293,Lafiagi,136
3294,Maiduguri,136
3295,Makurdi,136
3296,Minna,136
3297,Modakeke,136
3298,Mubi,136
3299,Nguru,136
3300,Nkpor,136
3301,Nnewi,136
3302,Nsukka,136
3303,Obosi,136
3304,Offa,136
3305,Ogbomosho,136
3306,Okrika,136
3307,Ondo,136
3308,Onitsha,136
3309,Opobo,136
3310,Oron,136
3311,Oshogbo,136
3312,Otukpo,136
3313,Owerri,136
3314,Owo,136
3315,Oyo,136
3316,Pindiga,136
3317,Port Harcourt,136
3318,Sapele,136
3319,Shagamu,136
3320,Shaki,136
3321,Sokoto,136
3322,Suleja,136
3323,Ugep,136
3324,Umuahia,136
3325,Uromi,136
3326,Uyo,136
3327,Warri,136
3328,Zaria,136
3329,Waw,162
3330,Benguela,3
3331,Huambo,3
3332,Kuito,3
3333,Lobito,3
3334,Lubango,3
3335,Cairns,11
3336,Townsville,11
3337,Gaborone,29
3338,Ambato,53
3339,Quito,53
3340,Maseru,110
3341,Maputo,128
3342,Matola,128
3343,Maxixe,128
3344,Xai Xai,128
3345,Windhoek,133
3346,Alberton,205
3347,Benoni,205
3348,Bethal,205
3349,Bisho,205
3350,Bloemfontein,205
3351,Boksburg,205
3352,Botshabelo,205
3353,Brakpan,205
3354,Brits,205
3355,Cape Town,205
3356,Durban,205
3357,East London,205
3358,George,205
3359,Johannesburg,205
3360,Kimberley,205
3361,Klerksdorp,205
3362,Kroonstad,205
3363,Krugersdorp,205
3364,Middelburg,205
3365,Midrand,205
3366,Nelspruit,205
3367,Newcastle,205
3368,Nigel,205
3369,Orkney,205
3370,Paarl,205
3371,Phalaborwa,205
3372,Pietermaritzburg,205
3373,Pietersburg,205
3374,Port Elizabeth,205
3375,Potchefstroom,205
3376,Potgietersrus,205
3377,Pretoria,205
3378,Queenstown,205
3379,Randfontein,205
3380,Richards Bay,205
3381,Rustenburg,205
3382,Somerset West,205
3383,Soweto,205
3384,Springs,205
3385,Tembisa,205
3386,Uitenhage,205
3387,Vanderbijlpark,205
3388,Vereeniging,205
3389,Verwoerdburg,205
3390,Virginia,205
3391,Vryheid,205
3392,Welkom,205
3393,Westonaria,205
3394,Witbank,205
3395,Worcester,205
3396,Manzini,176
3397,Livingstone,206
3398,Manta,53
3399,Portoviejo,53
3400,Quevedo,53
3401,Santo Domingo,53
3402,Bahir Dar,58
3403,Gondar,58
3404,Khartoum,162
3405,Kusti,162
3406,Rabak,162
3407,Sinnar,162
3408,Umm Durman,162
3409,Wad Madani,162
3410,Punta Arenas,33
3411,Abha,161
3412,Kassala,162
3413,Jibuti,48
3414,Asmara,55
3415,Najran,161
3416,Berbera,169
3417,Ibb,204
3418,Gorontalo,83
3419,Kendari,83
3420,Kupang,83
3421,Makasar,83
3422,Tanete,83
3423,Butuan,146
3424,Cotabato,146
3425,Koronadal,146
3426,Marawi,146
3427,Pagadian,146
3428,Bitung,83
3429,Manado,83
3430,Davao,146
3431,Digos,146
3432,Tagum,146
3433,Chincha Alta,145
3434,Huancayo,145
3435,Salalah,142
3436,Aden,204
3437,Ambon,83
3438,Sorong,83
3439,Ternate,83
3440,Dadiangas,146
3441,Cuenca,53
3442,Guayaquil,53
3443,Loja,53
3444,Machala,53
3445,Milagro,53
3446,Riobamba,53
3447,Cajamarca,145
3448,Chiclayo,145
3449,Chimbote,145
3450,Chosica,145
3451,Huánuco,145
3452,Lima,145
3453,Piura,145
3454,Pucallpa,145
3455,Sullana,145
3456,Talara,145
3457,Trujillo,145
3458,Tumbes,145
3459,Port Moresby,148
